prob,label
0.5151783,0
0.34001365,0
0.48892435,0
0.38798535,0
0.005994053,0
0.4686523,0
0.45205265,0
0.46104243,0
0.4957518,0
0.5039649,0
0.48855168,0
0.48980907,0
0.495747,0
0.5122969,1
0.52300435,0
0.4676287,0
0.55481493,1
0.54332536,0
0.48054793,0
0.53897893,1
0.42038238,0
0.5548634,1
0.546892,1
0.4583868,0
0.50187796,0
0.005994053,0
0.54498315,0
0.52405494,0
